{"Train 1 Step": 1000, "Train Loss 1": 0.020331394160166383, "Step time 1": 24.414403915405273, "Img load time 1": 0.00011372566223144531, "Embed load time 1": 0.05464982986450195, "Loss time 1": 23.977019548416138, "Update time 1": 0.37416815757751465, "Dead time 1": 0.008452653884887695, "_timestamp": 1660702463.4394689, "_runtime": 20969.661819934845, "_step": 1000, "Samples": {"_type": "images/separated", "width": 64, "height": 64, "format": "png", "count": 2, "filenames": ["media/images/Samples_1000_76c6b6085627b4c28939.png", "media/images/Samples_1000_415398ba043aaf4a337c.png"], "captions": ["a 3d render of a purple cow, highly detailed", "a sports car sketch"]}, "_wandb": {"runtime": 21025}}