{"Train 1 Step": 1000, "Train Loss 1": 0.026268727146089077, "Step time 1": 2.037836790084839, "Img load time 1": 0.05574941635131836, "Embed load time 1": 0.008199453353881836, "Loss time 1": 1.8228440284729004, "Update time 1": 0.1506509780883789, "Dead time 1": 0.000392913818359375, "_timestamp": 1660508727.3845427, "_runtime": 2244.8413536548615, "_step": 1000, "Samples": {"_type": "images/separated", "width": 64, "height": 64, "format": "png", "count": 2, "filenames": ["media/images/Samples_1000_f385f077a295f44b3cd3.png", "media/images/Samples_1000_1e39bf90d60860244b7e.png"], "captions": ["a 3d render of a purple cow, highly detailed", "a sports car sketch"]}, "_wandb": {"runtime": 2246}}