{"Train 1 Step": 13, "Train Loss 1": 0.619672454893589, "Step time 1": 2.2977147102355957, "Img load time 1": 0.06434059143066406, "Embed load time 1": 0.007503032684326172, "Loss time 1": 2.14859676361084, "Update time 1": 0.0769808292388916, "Dead time 1": 0.00029349327087402344, "_timestamp": 1660503099.849081, "_runtime": 125.67731714248657, "_step": 13, "_wandb": {"runtime": 125}}