{"Train 1 Step": 386, "Train Loss 1": 0.05355104152113199, "Step time 1": 2.2513468265533447, "Img load time 1": 0.038927316665649414, "Embed load time 1": 0.006453752517700195, "Loss time 1": 2.133876085281372, "Update time 1": 0.07181930541992188, "Dead time 1": 0.0002703666687011719, "_timestamp": 1660219808.796693, "_runtime": 601.0038220882416, "_step": 254}