{"Train 1 Step": 23, "Train Loss 1": 0.6193121522665024, "Step time 1": 2.227497100830078, "Img load time 1": 0.03852391242980957, "Embed load time 1": 0.010987997055053711, "Loss time 1": 2.1066813468933105, "Update time 1": 0.07096457481384277, "Dead time 1": 0.00033926963806152344, "_timestamp": 1660224336.5666678, "_runtime": 288.3438048362732, "_step": 23, "Samples": {"_type": "images/separated", "width": 64, "height": 64, "format": "png", "count": 6, "filenames": ["media/images/Samples_20_35e0b0da17a46bb68bd1.png", "media/images/Samples_20_1f3f659dc83501fdc6e3.png", "media/images/Samples_20_26b3a01428dbf850e01f.png", "media/images/Samples_20_25768b817112d102c62d.png", "media/images/Samples_20_438a1e47fd41300ffb37.png", "media/images/Samples_20_29a4e8656d8b8f252931.png"], "captions": ["dog", "cheeseburger", "blue car", "red flowers in a white vase", "a puppy looking anxiously at a giant donut on the table", "lizard running across the desert on two feet"]}, "_wandb": {"runtime": 290}}