{"Train 1 Step": 50, "Train Loss 1": 0.5574276596307755, "Step time 1": 2.2853682041168213, "Img load time 1": 0.04793548583984375, "Embed load time 1": 0.011267900466918945, "Loss time 1": 2.1423492431640625, "Update time 1": 0.08344817161560059, "Dead time 1": 0.0003674030303955078, "_timestamp": 1660222296.5620844, "_runtime": 233.30497336387634, "_step": 50, "Samples": {"_type": "images/separated", "width": 64, "height": 64, "format": "png", "count": 6, "filenames": ["media/images/Samples_50_2ee9886de71c0820335e.png", "media/images/Samples_50_e6b7997ec67e05503792.png", "media/images/Samples_50_f3d6848a7ac693bc11c1.png", "media/images/Samples_50_47dd01f391d1ebf0c258.png", "media/images/Samples_50_46f7bf30d1c759154f83.png", "media/images/Samples_50_97f1d088f11d4c5d874d.png"], "captions": ["dog", "cheeseburger", "blue car", "red flowers in a white vase", "a puppy looking anxiously at a giant donut on the table", "lizard running across the desert on two feet"]}, "_wandb": {"runtime": 233}}