{"Train 1 Step": 43, "Train Loss 1": 0.6216430068016052, "Step time 1": 2.2226974964141846, "Img load time 1": 0.03616046905517578, "Embed load time 1": 0.008484125137329102, "Loss time 1": 2.106642484664917, "Update time 1": 0.07111310958862305, "Dead time 1": 0.00029730796813964844, "_timestamp": 1660208784.488516, "_runtime": 113.90212607383728, "_step": 43, "_wandb": {"runtime": 113}}