{"Train 1 Step": 0, "Train Loss 1": 0.6386419087648392, "Step time 1": 69.55581450462341, "Img load time 1": 0.0003170967102050781, "Embed load time 1": 11.166321516036987, "Loss time 1": 56.260443925857544, "Update time 1": 0.8863639831542969, "Dead time 1": 1.2423679828643799, "_timestamp": 1660669829.6892362, "_runtime": 103.58632707595825, "_step": 0, "_wandb": {"runtime": 115}}