{"Train 1 Step": 1000, "Train Loss 1": 0.029011701233685017, "Step time 1": 2.054384708404541, "Img load time 1": 0.06389927864074707, "Embed load time 1": 0.009029626846313477, "Loss time 1": 1.8241748809814453, "Update time 1": 0.15690016746520996, "Dead time 1": 0.0003807544708251953, "_timestamp": 1660537208.825667, "_runtime": 2251.183615922928, "_step": 1000, "Samples": {"_type": "images/separated", "width": 64, "height": 64, "format": "png", "count": 2, "filenames": ["media/images/Samples_1000_e17854468c13366c278b.png", "media/images/Samples_1000_13dd5d2e4159e4e08cb1.png"], "captions": ["a 3d render of a purple cow, highly detailed", "a sports car sketch"]}, "_wandb": {"runtime": 2252}}