{"Train 1 Step": 10, "Train Loss 1": 0.6137536838650703, "Step time 1": 2.2810583114624023, "Img load time 1": 0.05784344673156738, "Embed load time 1": 0.01079559326171875, "Loss time 1": 2.127892017364502, "Update time 1": 0.08418703079223633, "Dead time 1": 0.0003402233123779297, "_timestamp": 1660223903.3103883, "_runtime": 142.3831262588501, "_step": 10, "Samples": {"_type": "images/separated", "width": 64, "height": 64, "format": "png", "count": 6, "filenames": ["media/images/Samples_10_7a1cf6041b18075cd08f.png", "media/images/Samples_10_dd39269c259f1e024524.png", "media/images/Samples_10_cfb9bb947c385e891ec0.png", "media/images/Samples_10_21046fb87c3a32bdb17d.png", "media/images/Samples_10_9972de7c43ed81d0ea62.png", "media/images/Samples_10_3466199fa1248f97f88c.png"], "captions": ["dog", "cheeseburger", "blue car", "red flowers in a white vase", "a puppy looking anxiously at a giant donut on the table", "lizard running across the desert on two feet"]}, "_wandb": {"runtime": 142}}