{"Train 1 Step": 536, "Train Loss 1": 0.03312334814108908, "Step time 1": 2.3433637619018555, "Img load time 1": 0.06847310066223145, "Embed load time 1": 0.009368181228637695, "Loss time 1": 2.191230535507202, "Update time 1": 0.07380247116088867, "Dead time 1": 0.0004894733428955078, "_timestamp": 1660505670.2236764, "_runtime": 1341.9912085533142, "_step": 536, "_wandb": {"runtime": 1343}}