{"Train 1 Step": 112, "Train Loss 1": 0.1305743083357811, "Step time 1": 2.0092663764953613, "Img load time 1": 0.04223823547363281, "Embed load time 1": 0.017476797103881836, "Loss time 1": 1.818493366241455, "Update time 1": 0.13068342208862305, "Dead time 1": 0.0003745555877685547, "_timestamp": 1660506198.4116697, "_runtime": 332.12610268592834, "_step": 112, "_wandb": {"runtime": 333}}