{"Train 1 Step": 43, "Train Loss 1": 0.5923338532447815, "Step time 1": 2.2291054725646973, "Img load time 1": 0.038045406341552734, "Embed load time 1": 0.012863874435424805, "Loss time 1": 2.1047537326812744, "Update time 1": 0.07310199737548828, "Dead time 1": 0.00034046173095703125, "_timestamp": 1660209846.4506924, "_runtime": 113.06643438339233, "_step": 43, "_wandb": {"runtime": 112}}