{"Train 1 Step": 1658, "Train Loss 1": 0.024136153049767017, "Step time 1": 1.9965589046478271, "Img load time 1": 0.0343477725982666, "Embed load time 1": 0.010041475296020508, "Loss time 1": 1.820232629776001, "Update time 1": 0.1315610408782959, "Dead time 1": 0.00037598609924316406, "_timestamp": 1660541427.1594431, "_runtime": 3577.483535051346, "_step": 1658, "Samples": {"_type": "images/separated", "width": 64, "height": 64, "format": "png", "count": 2, "filenames": ["media/images/Samples_1000_da3469f7ef4d4b9bc63b.png", "media/images/Samples_1000_9978f7b6832e893e2fd4.png"], "captions": ["a 3d render of a purple cow, highly detailed", "a sports car sketch"]}}