{"Train 1 Step": 402, "Train Loss 1": 0.016503773629665375, "Step time 1": 10.80579400062561, "Img load time 1": 0.00014710426330566406, "Embed load time 1": 0.05935096740722656, "Loss time 1": 10.501500844955444, "Update time 1": 0.1914505958557129, "Dead time 1": 0.0533444881439209, "_timestamp": 1660668213.0220835, "_runtime": 3647.3565814495087, "_step": 402, "_wandb": {"runtime": 3657}}