{"Train 1 Step": 753, "Train Loss 1": 0.035627365577965975, "Step time 1": 2.2449889183044434, "Img load time 1": 0.039801597595214844, "Embed load time 1": 0.009157419204711914, "Loss time 1": 2.120058298110962, "Update time 1": 0.07566523551940918, "Dead time 1": 0.0003063678741455078, "_timestamp": 1660221451.953122, "_runtime": 1143.079715013504, "_step": 489, "_wandb": {"runtime": 1142}}