{"Train 1 Step": 612, "Train Loss 1": 0.020774852018803358, "Step time 1": 25.82649850845337, "Img load time 1": 0.00015282630920410156, "Embed load time 1": 0.05877375602722168, "Loss time 1": 25.448273181915283, "Update time 1": 0.3085472583770752, "Dead time 1": 0.010751485824584961, "_timestamp": 1660680427.2069223, "_runtime": 10523.025569200516, "_step": 612}