{"Train 1 Step": 10, "Train Loss 1": 0.6112059205770493, "Step time 1": 2.236550807952881, "Img load time 1": 0.05099749565124512, "Embed load time 1": 0.008418560028076172, "Loss time 1": 2.0922701358795166, "Update time 1": 0.08457827568054199, "Dead time 1": 0.00028634071350097656, "_timestamp": 1660207708.6256819, "_runtime": 39.10481786727905, "_step": 10, "_wandb": {"runtime": 38}}