{"Train 1 Step": 43, "Train Loss 1": 0.5424578711390495, "Step time 1": 2.2793378829956055, "Img load time 1": 0.09073209762573242, "Embed load time 1": 0.01703023910522461, "Loss time 1": 2.1003835201263428, "Update time 1": 0.0708472728729248, "Dead time 1": 0.0003447532653808594, "_timestamp": 1660209570.0742507, "_runtime": 112.89664959907532, "_step": 43, "_wandb": {"runtime": 112}}