{"Train 1 Step": 10, "Train Loss 1": 0.6428573355078697, "Step time 1": 2.265125036239624, "Img load time 1": 0.05002474784851074, "Embed load time 1": 0.008261680603027344, "Loss time 1": 2.1216025352478027, "Update time 1": 0.08493351936340332, "Dead time 1": 0.0003025531768798828, "_timestamp": 1660223489.0005074, "_runtime": 145.99876236915588, "_step": 10, "Samples": {"_type": "images/separated", "width": 64, "height": 64, "format": "png", "count": 6, "filenames": ["media/images/Samples_10_0d3e6131029e607d0477.png", "media/images/Samples_10_3b45857930e12586741f.png", "media/images/Samples_10_c7b21ec845631c3d4eca.png", "media/images/Samples_10_e424032dec78736afaa8.png", "media/images/Samples_10_3af67227467085c32e05.png", "media/images/Samples_10_c8882cecee46eaab70d3.png"], "captions": ["dog", "cheeseburger", "blue car", "red flowers in a white vase", "a puppy looking anxiously at a giant donut on the table", "lizard running across the desert on two feet"]}, "_wandb": {"runtime": 163}}