{"Train 1 Step": 58, "Train Loss 1": 0.521991178393364, "Step time 1": 2.332242488861084, "Img load time 1": 0.07062911987304688, "Embed load time 1": 0.011306524276733398, "Loss time 1": 2.1718811988830566, "Update time 1": 0.07807755470275879, "Dead time 1": 0.00034809112548828125, "_timestamp": 1660502932.7334998, "_runtime": 253.13860487937927, "_step": 58, "_wandb": {"runtime": 254}}