{"Train 1 Step": 43, "Train Loss 1": 0.607715904712677, "Step time 1": 2.235029697418213, "Img load time 1": 0.054112911224365234, "Embed load time 1": 0.008590459823608398, "Loss time 1": 2.0991439819335938, "Update time 1": 0.07282757759094238, "Dead time 1": 0.000354766845703125, "_timestamp": 1660209281.5842235, "_runtime": 113.05824255943298, "_step": 43, "_wandb": {"runtime": 112}}