{"Train 1 Step": 43, "Train Loss 1": 0.5603025853633881, "Step time 1": 2.2480597496032715, "Img load time 1": 0.05710601806640625, "Embed load time 1": 0.011710882186889648, "Loss time 1": 2.108044147491455, "Update time 1": 0.07087850570678711, "Dead time 1": 0.00032019615173339844, "_timestamp": 1660210006.5357304, "_runtime": 114.02037930488586, "_step": 43, "_wandb": {"runtime": 113}}