{"Train 1 Step": 739, "Train Loss 1": 0.02568051661364734, "Step time 1": 4.3337180614471436, "Img load time 1": 0.03751850128173828, "Embed load time 1": 0.0009126663208007812, "Loss time 1": 4.203126668930054, "Update time 1": 0.08200669288635254, "Dead time 1": 0.010153532028198242, "_timestamp": 1660886978.077675, "_runtime": 3300.678899049759, "_step": 739, "_wandb": {"runtime": 3303}}