{"Train 1 Step": 38, "Train Loss 1": 0.49085312709212303, "Step time 1": 4.338748455047607, "Img load time 1": 0.03826475143432617, "Embed load time 1": 0.0007340908050537109, "Loss time 1": 4.209227561950684, "Update time 1": 0.08094286918640137, "Dead time 1": 0.009579181671142578, "_timestamp": 1660883920.5252533, "_runtime": 243.1264772415161, "_step": 38}